,random_loss,pretrain_loss,random_acc,pretrain_acc
hidden_units_1,0.15371131887189327,0.1303058906318957,0.9621,0.965
hidden_units_2,0.0923416693257145,0.08250662458197865,0.9763,0.9763
